<Document>
  <data>
    <login>tyytutyu</login>
    <password>13123123</password>
    <points>456</points>
  </data>
  <data>
    <password>bbbb</password>
    <login>aaaaa</login>
  </data>
  <data>
    <password>ddd</password>
    <login>cccc</login>
  </data>
  <data>
    <login>alexandre</login>
    <password>alexandre123</password>
    <points>ale</points>
  </data>
  <data>
    <login>samuel</login>
    <password>samuel123</password>
    <points>sam</points>
  </data>
  <data>
    <login>laudo</login>
    <password>laudo123</password>
    <points>lau</points>
  </data>
</Document>